sequence,PDB,PKB
GGGAACGACUCGAGUAGAGUCGAAAACGGUGCCAGUAUGGCGUAGCGCGGCGGUACACCGCCGAGCCGAGCUGGAAGUCGUUCUUCGGGACGGCAAAAGAAACAACAACAACAAC,...................................................................................................................,...................................................................................................................
GGGAACGACUCGAGUAGAGUCGAAAACGGUGCCAGUAUGGCGUAGCGGCGCGGUACACCGCGCAGCCGAGCUGGAAGUCGUGCUUCGGUACGGCAAAAGAAACAACAACAACAAC,...................................................................................................................,...................................................................................................................
GGGAACGACUCGAGUAGAGUCGAAAAUGGUGGUGGUGUAGCAGGUGCACUCAACAAGGCAACCAAUGGUGCCAUGACUAGUGGUUCGCCGCUAGAAAAGAAACAACAACAACAAC,...................................................................................................................,...................................................................................................................
GGGAACGACUCGAGUAGAGUCGAAAAUCGUGCUAGUGCUGAUAUUGGCUCAGGCCAUACUGGCAUUACUGGUGACAGAUCUGGUUCGCCAGAUCAAAAGAAACAACAACAACAAC,...................................................................................................................,...................................................................................................................
GGGAACGACUCGAGUAGAGUCGAAAAGGCGGAGGCUCGCACCUAGCGACCGGCGCAAGGACGCACGGUACUGCGAACGGUAGAUUCGUCUACCGAAAAGAAACAACAACAACAAC,...................................................................................................................,...................................................................................................................
GGGAACGACUCGAGUAGAGUCGAAAAGGCGGAGGCUCGCACCUAGCGACCGGCGCAAGGACGCACGUGACUGCGAAGCCUUGUUUCGACAAGGCAAAAGAAACAACAACAACAAC,...................................................................................................................,...................................................................................................................
GGGAACGACUCGAGUAGAGUCGAAAACGUGCUAGUGCGUGGCUUCGGGGACUCUGUGGAAGAGGCCCUAUCGGAGGCUGUCAGUUCGCUGGCAGAAAAGAAACAACAACAACAAC,...................................................................................................................,...................................................................................................................
GGGAACGACUCGAGUAGAGUCGAAAAGGUGGUGGCUGGCUUGUUGCUAGUGGCGCAACUGUAGCCAUGACUGCGCAUGCUAGGUUCGCCUGGCAAAAAGAAACAACAACAACAAC,...................................................................................................................,...................................................................................................................
GGGAACGACUCGAGUAGAGUCGAAAAGGUGGUGGCUGGCUUGUUGCUAGUGGCGCAACUGUUGCCAUGACUGCGCAUGGUUCGUUCGCGAGCCAAAAAGAAACAACAACAACAAC,...................................................................................................................,...................................................................................................................
GGGAACGACUCGAGUAGAGUCGAAAAAUGGACCAGACGAGGUACAUGCGAGGUACGAGCCACGAUCGAUCAAAUAAGUGUCGAUUCGUCGGCACAAAAGAAACAACAACAACAAC,...................................................................................................................,...................................................................................................................
GGGAACGACUCGAGUAGAGUCGAAAAUACCGAUCGAGUCUUGCGGCUCGUAGAACAGGCUGCCCGAGCUAGUCUGGCCGUCCAUUCGUGGGCGGAAAAGAAACAACAACAACAAC,...................................................................................................................,...................................................................................................................
GGGAACGACUCGAGUAGAGUCGAAAAUAACGAUCGAAUCUUGAAGCUAGUAGAACAGGCUGCUUGACCUAGUCUAAGCCGCCAUUCGUGGUGGCAAAAGAAACAACAACAACAAC,...................................................................................................................,...................................................................................................................
GGGAACGACUCGAGUAGAGUCGAAAAUAACGGUCGGCUCAUGACGCUAGUCGAUCAUGCUGCUCGACCUAGACUAAGCCUAAAUUCGUUUGGGCAAAAGAAACAACAACAACAAC,...................................................................................................................,...................................................................................................................
GGGAACGACUCGAGUAGAGUCGAAAACGUCUACUCCGAUUGGCGAGGACGACGCCGACGGGCGCGUUUGCCAAUCGUCAUCGUUUCGACGAUGAAAAAGAAACAACAACAACAAC,...................................................................................................................,...................................................................................................................
GGGAACGACUCGAGUAGAGUCGAAAAUAACGGUCGGCUCAUGAAGCUAGUCGAACAUGCUGCUCGACCUAGACUAAGGCUGGUUUCGACCGGCCAAAAGAAACAACAACAACAAC,...................................................................................................................,...................................................................................................................
GGGAACGACUCGAGUAGAGUCGAAAACCUCUACGCUGAUUGGCGAGGACGACGCUGCGGAGCGCGUUUGCCAAUCUGCUCCGUUUCGACGGAGCAAAAGAAACAACAACAACAAC,...................................................................................................................,...................................................................................................................
GGGAACGACUCGAGUAGAGUCGAAAAUAACGGUCGGCUCAUGCAGCUAGUCGAACAUGCUGCUCGACCUUUUGGUACCGUCCUUUCGAGGGCGGAAAAGAAACAACAACAACAAC,...................................................................................................................,...................................................................................................................
GGGAACGACUCGAGUAGAGUCGAAAAGGAGGCAACCGCUACCCACCUCAGGGCGGUGGUGGCUGGGGGCAGCCUCAGUCUUGGUUCGCCAAGACAAAAGAAACAACAACAACAAC,...................................................................................................................,...................................................................................................................
GGGAACGACUCGAGUAGAGUCGAAAACGCUACCCACCUCAGGGCGGUGGUGGCUGGGGGCAGCCUCAUGGUGGUGGCACUAGGUUCGCCUAGUGAAAAGAAACAACAACAACAAC,...................................................................................................................,...................................................................................................................
GGGAACGACUCGAGUAGAGUCGAAAACCACUAAGCAGAUGGCGAGUGACUACGAGGCAGCUCGUAGGGAGCAACCAACCUCGUUUCGAUGAGGUAAAAGAAACAACAACAACAAC,...................................................................................................................,...................................................................................................................
GGGAACGACUCGAGUAGAGUCGAAAACCACUAAGCUGAUUGCGGAUGACGACGAGGCAGCUCGUGUCGAGCAACCAACCUGGUUUCGAUCAGGUAAAAGAAACAACAACAACAAC,...................................................................................................................,...................................................................................................................
GGGAACGACUCGAGUAGAGUCGAAAACCACUAAGCAGAUUGCCGAGGACGACGAGGCGGCUCGUGUCUAGCAACAAACUUGGUUUCGAUCAAGUAAAAGAAACAACAACAACAAC,...................................................................................................................,...................................................................................................................
GGGAACGACUCGAGUAGAGUCGAAAAUGACGAUGCACCAUGACGAAGACGAAGAUGCGGAAGACGACGAGGAACAAGCCAUGCUUCGGUGUGGCAAAAGAAACAACAACAACAAC,...................................................................................................................,...................................................................................................................
GGGAACGACUCGAGUAGAGUCGAAAAUAACGGUCAGUGCUUGCAGCUAGUCGAAAAUGCUGACUGGCCUUUCGCUACAUGCGGUUCGUCGCAUGAAAAGAAACAACAACAACAAC,...................................................................................................................,...................................................................................................................
GGGAACGACUCGAGUAGAGUCGAAAAUAACGGUCAGUGCUUGCAGCUAGUCGUAAAUGCUAACUGGCCUUACGCUAGUGCGGUUUCGGCCGUACAAAAGAAACAACAACAACAAC,...................................................................................................................,...................................................................................................................
GGGAACGACUCGAGUAGAGUCGAAAAUAACGGUCCGUGCUUGCAGCUGAUUGUAAAUGCUAACUGGCCUUACAUCACUGCGCUUUCGAGCGUAGAAAAGAAACAACAACAACAAC,...................................................................................................................,...................................................................................................................
GGGAACGACUCGAGUAGAGUCGAAAAUAACGGUCCGUGCUUGCAGCCGAAUGUAAAUGCUAACAGGCCUUACAUAAGUGCGCUUUCGAGCGUACAAAAGAAACAACAACAACAAC,...................................................................................................................,...................................................................................................................
GGGAACGACUCGAGUAGAGUCGAAAAGGCAAUACUAGCACUGUCGAAUUGUGCAUGCACUCAGUGCAAGCCAAGUACAACAUCUUCGGAUGUUGAAAAGAAACAACAACAACAAC,...................................................................................................................,...................................................................................................................
GGGAACGACUCGAGUAGAGUCGAAAAUGGCACGAUAAGAUACAUAGCCCUCGUAUCAUACAGAUACACGAACACAAAACGCUAUUCGUAGCGUUAAAAGAAACAACAACAACAAC,...................................................................................................................,...................................................................................................................
GGGAACGACUCGAGUAGAGUCGAAAAGCAAGCAAGCAGAGCCACGAGGCAAGGCGAUAAUAAGGUAGCGCAUGCUGGACCUAAUUCGUUAGGUCAAAAGAAACAACAACAACAAC,...................................................................................................................,...................................................................................................................
GGGAACGACUCGAGUAGAGUCGAAAACACAGAUCGACCCUGGAGCUGCAUGCAUUCACAUCGUCUAAGUACAAUCCGGAUAGAUUCGUCUAUCCAAAAGAAACAACAACAACAAC,...................................................................................................................,...................................................................................................................
GGGAACGACUCGAGUAGAGUCGAAAACGAUGGUAGUGUGGGGUCUCCCCAUGCGAGAGUAGGGAACUGCCAGGCAACGUGAUGUUCGCAUCACGAAAAGAAACAACAACAACAAC,...................................................................................................................,...................................................................................................................
GGGAACGACUCGAGUAGAGUCGAAAAUAGCGCCGAUGGUAGUGUGGGGUCUCCCCAUGCGAGAGUAGGGAACUGCCGGUGUAGUUCGCUACACCAAAAGAAACAACAACAACAAC,...................................................................................................................,...................................................................................................................
GGGAACGACUCGAGUAGAGUCGAAAACGUAGCGCCGAUGGUAGUGUGGGGUCUCCCCAUGCGAGAGUAGGGAACUGGGUCAUGUUCGCAUGACCAAAAGAAACAACAACAACAAC,...................................................................................................................,...................................................................................................................
GGGAACGACUCGAGUAGAGUCGAAAACCGUAGCGCCGAUGGUAGUGUGGGGUCUCCCCAUGCGAGAGUAGGGAACAGGACAUGUUCGCAUGUCCAAAAGAAACAACAACAACAAC,...................................................................................................................,...................................................................................................................
GGGAACGACUCGAGUAGAGUCGAAAAGAAGUGAAACGCCGUAGCGCCGAUGGUAGUGUGGGGUCUCCCCAUGCGAGGCACUAGUUCGCUAGUGCAAAAGAAACAACAACAACAAC,...................................................................................................................,...................................................................................................................
GGGAACGACUCGAGUAGAGUCGAAAAGAAAGCGUGGGACACCGAUGGCAUACGGUGAAGAACGCAACAAUGCCAAAAGGAUUGUUCGCAGUCCUAAAAGAAACAACAACAACAAC,...................................................................................................................,...................................................................................................................
GGGAACGACUCGAGUAGAGUCGAAAAUUGCCGAGGAAUGCACAGCAGGCUGCCUUGAUACUUGGAACCGGUAUUUGCCUGCAGUUCGUUGCAGGAAAAGAAACAACAACAACAAC,...................................................................................................................,...................................................................................................................
GGGAACGACUCGAGUAGAGUCGAAAAGAGCACUGAGCAGCGAAAGAAACGCUGCAAGCCGCAGUGCACGGCAAUAAAGUUGCAUUCGUGCGACUAAAAGAAACAACAACAACAAC,...................................................................................................................,...................................................................................................................
GGGAACGACUCGAGUAGAGUCGAAAAGAAGCGCGGACACAAAAGCACGAGCUCGCCGUGACGCGCAAAGGCGAUAAAGUGCCAUUCGUGGUACUAAAAGAAACAACAACAACAAC,...................................................................................................................,...................................................................................................................
GGGAACGACUCGAGUAGAGUCGAAAAGAAAGCGAAAACGCAACGCCAACGGAAAGGCGAAUUCCGAACAACCAUAAACAUGCAUUCGUGCGUGUAAAAGAAACAACAACAACAAC,...................................................................................................................,...................................................................................................................
GGGAACGACUCGAGUAGAGUCGAAAAGAACGCCGAAGCGCAGAGCGCAAGAUGGAGGAGACGGCGAACCACCAAAAAGGUGCAUUCGUGCGCCUAAAAGAAACAACAACAACAAC,...................................................................................................................,...................................................................................................................
GGGAACGACUCGAGUAGAGUCGAAAAGAACGCGCACGUGCAGAGCACGAGAUGGAGGUAAGCGCGAACCACCAAAAAGCGGCAUUCGUGCUGCUAAAAGAAACAACAACAACAAC,...................................................................................................................,...................................................................................................................
GGGAACGACUCGAGUAGAGUCGAAAAGAACGCUGCAGCGAGCAGCACGGAGCGUUCCGAACACACACGCAAAAGAAACGUCCUUUCGAGGGCGUAAAAGAAACAACAACAACAAC,...................................................................................................................,...................................................................................................................
GGGAACGACUCGAGUAGAGUCGAAAAGAACGCUGCGGCGAGCAGCAGCCAGAGAAGGCAACACAAUCGCCAUAAAAACGUCGUUUCGACGGCGUAAAAGAAACAACAACAACAAC,...................................................................................................................,...................................................................................................................
GGGAACGACUCGAGUAGAGUCGAAAAGAGAGCGGGCGCAGUAGGGUCGAGAGCGCGACACUCAUCCCGCGACCCGAGCUCCGGUUCGCUGGAGCAAAAGAAACAACAACAACAAC,...................................................................................................................,...................................................................................................................
GGGAACGACUCGAGUAGAGUCGAAAAGUCGGUAUGCGUAAUACUUAAUCGUACGCAUCGAUUAAGUUCCGACAUUACCGUUGGUUCGCCAACGGAAAAGAAACAACAACAACAAC,...................................................................................................................,...................................................................................................................
GGGAACGACUCGAGUAGAGUCGAAAAAGGAGCAACCAACGAAGGAAGUGCUAGCAUAAGCGUGCAGGCUAGCACUAGCUUGGUUUCGACUGGGCAAAAGAAACAACAACAACAAC,...................................................................................................................,...................................................................................................................
GGGAACGACUCGAGUAGAGUCGAAAAUAUCGCGCAACGUAAGCGACAAGCAAGUCAACGCGUGCGAACGUUAAUAAGGUAUCAUUCGUGAUACCAAAAGAAACAACAACAACAAC,...................................................................................................................,...................................................................................................................
GGGAACGACUCGAGUAGAGUCGAAAAAGUUAAUGCUGCUAACACACAUCUUAAGCAUGGCGGUGGUAUCGCUGGUGCGUGGUCUUCGGAUCACGAAAAGAAACAACAACAACAAC,...................................................................................................................,...................................................................................................................
GGGAACGACUCGAGUAGAGUCGAAAAGGAAUGUGGAUCGGCAAACUACAUACCAAAAGCUGAGCUCGAAAGAGCAAGGCAUGAUUCGUCAUGCCAAAAGAAACAACAACAACAAC,...................................................................................................................,...................................................................................................................
GGGAACGACUCGAGUAGAGUCGAAAACCGGAAACGGACAUGACGAUCGCGCGCAUGUCGGGAAACCGUAAACGCGAGGUCCUGUUCGCAGGAUCAAAAGAAACAACAACAACAAC,...................................................................................................................,...................................................................................................................
GGGAACGACUCGAGUAGAGUCGAAAACCGGAAACGGACAUGACGAUCGCGCGCAUGUGGACGCGAAGCGGAAACGCGGUCCCGUUCGCGGGAUCAAAAGAAACAACAACAACAAC,...................................................................................................................,...................................................................................................................
GGGAACGACUCGAGUAGAGUCGAAAAUGGCUGGUGCACAGGCAAUGGUUCCUAGACCUGCCGUUACCAUGGUUGCCGUCUUACUUCGGUGAGACAAAAGAAACAACAACAACAAC,...................................................................................................................,...................................................................................................................
GGGAACGACUCGAGUAGAGUCGAAAAUGGCGACAGAUACGGUGCGUCAAAGACACCGUCUGAUAGCUAAGCGCUAAGGUGAGAUUCGUCUCACCAAAAGAAACAACAACAACAAC,...................................................................................................................,...................................................................................................................
GGGAACGACUCGAGUAGAGUCGAAAAGAGUAACAGAUACAUACUGUAACAAUGGCAAUACGUAAGCCAAACGUAAAGGUGUGAUUCGUCACACCAAAAGAAACAACAACAACAAC,...................................................................................................................,...................................................................................................................
GGGAACGACUCGAGUAGAGUCGAAAAUACCGAGAAUGCGACUCGGUAUCGCAAAAUAACCCUUGGAAACAAGGGAAGUCAUCAUUCGUGGUGACAAAAGAAACAACAACAACAAC,...................................................................................................................,...................................................................................................................
GGGAACGACUCGAGUAGAGUCGAAAAUACCGAGAAUGCGACUCGGUAUAUUAAAACGCGCCUUGGAAACAAGGCAAGUCAUGUUUCGACGUGACAAAAGAAACAACAACAACAAC,...................................................................................................................,...................................................................................................................
GGGAACGACUCGAGUAGAGUCGAAAAUACCGAGAAUGCGACUCGGUAAAUAAAACGCACCCUUGGAAACAAGGGAAGUCAUGAUUCGUCGUGACAAAAGAAACAACAACAACAAC,...................................................................................................................,...................................................................................................................
GGGAACGACUCGAGUAGAGUCGAAAACAGCUAGUAGCUAACUCAACUAGCUGAUCGAGUCAGGCUCGAGUUAGCGAACCAGUCUUCGGGCUGGUAAAAGAAACAACAACAACAAC,...................................................................................................................,...................................................................................................................
GGGAACGACUCGAGUAGAGUCGAAAACAGCUAGUAGCUAACUCAACUAACUGAGCCGGUCAAGCUCUAGUUAGAGAACGUGUCUUCGGGCACGUAAAAGAAACAACAACAACAAC,...................................................................................................................,...................................................................................................................
GGGAACGACUCGAGUAGAGUCGAAAACAGGUAGUUGCUAUCUCAAUUACCUGAACAGGCCAUGGUCUGGAUAGCAAACGUGUUUUCGAGCACGUAAAAGAAACAACAACAACAAC,...................................................................................................................,...................................................................................................................
GGGAACGACUCGAGUAGAGUCGAAAACAGGUAGUUCCUAUCUCAAUUACCUGUACAGGCCAUGGUCUGGAUAGGAAACGUGUAUUCGUGCACGUAAAAGAAACAACAACAACAAC,...................................................................................................................,...................................................................................................................
GGGAACGACUCGAGUAGAGUCGAAAACAGGUAGUACCUAUCUCUAUUACCUGUAGUGGCCAACGUCCGGACAGAGAAGCUGUAUUCGUGCAGCUAAAAGAAACAACAACAACAAC,...................................................................................................................,...................................................................................................................
GGGAACGACUCGAGUAGAGUCGAAAACAGUUGGUACCUAUCUCUCUUACCUGUAGGUACCAACGUCCGGUGAGAGAAGGUCUAUUCGUGGACCUAAAAGAAACAACAACAACAAC,...................................................................................................................,...................................................................................................................
GGGAACGACUCGAGUAGAGUCGAAAAGUGACGGUGAAAAAUGGCCAAUGCGCCAGCUACCACCGACACAGGGCGCAGAUCUUGUUCGCAAGAUCAAAAGAAACAACAACAACAAC,...................................................................................................................,...................................................................................................................
GGGAACGACUCGAGUAGAGUCGAAAAUAAGCUGACCAGCUAUGAGGUCAUACAUCGUCAUAGCACAAAGAAAGAGAAGGUCGAUUCGUUGGCCUAAAAGAAACAACAACAACAAC,.....((((((.....)))))).........[[[[[.(((((((]]]]].......))))))).............(((((((....))))))).....................,.....((((((.....)))))).........[[[[[.(((((((]]]]].......))))))).............(((((((....))))))).....................
GGGAACGACUCGAGUAGAGUCGAAAAUAGAUGGUACCUAUCAACCUUAUAUGUAGGUACCCAUGUAAGGUUGACAAAGGUCGAUUCGUUGACCUAAAAGAAACAACAACAACAAC,...................................................................................................................,...................................................................................................................
GGGAACGACUCGAGUAGAGUCGAAAAUACCGAGAAUGCGACUCGGUAUAUAAACGCAACCCUUGGAAACAAGGGAAGUGUUGAUUCGUCGACACAAAAGAAACAACAACAACAAC,...................................................................................................................,...................................................................................................................
GGGAACGACUCGAGUAGAGUCGAAAAGGACUACCCGUCAGGGUUAAGGCCAUACGGACAGCCGGGUCCAAUGCCGAGCCAUGAUUCGUCAUGGCAAAAGAAACAACAACAACAAC,...................................................................................................................,...................................................................................................................
GGGAACGACUCGAGUAGAGUCGAAAAGCCGUACCGCGUAGCACGCGGAUAGGAGCGAAGAUAUCCACGGCACGCGAAUUGCUAUUCGUGGCAAUAAAAGAAACAACAACAACAAC,...................................................................................................................,...................................................................................................................
GGGAACGACUCGAGUAGAGUCGAAAAGCCGUACCGCGUAGCACGCGGAUAGGAGUGAAGAUAUCCAAGGCCAUGGAAUUGCAUUUCGAUGCAAUAAAAGAAACAACAACAACAAC,...................................................................................................................,...................................................................................................................
GGGAACGACUCGAGUAGAGUCGAAAAAGUGCAGCGACCAUUGGGCCGGUGUCGCGCUGUCGGUGCUGCGCGAGGCAGCCGUGAUUCGUCACGGCAAAAGAAACAACAACAACAAC,...................................................................................................................,...................................................................................................................
GGGAACGACUCGAGUAGAGUCGAAAAAGUGCAGCGACCAUUGGGCCGGUGUCGCGCUGUCGGUGCUGCGCGAGGCAGGCCUGAUUCGUCAGGCCAAAAGAAACAACAACAACAAC,...................................................................................................................,...................................................................................................................
GGGAACGACUCGAGUAGAGUCGAAAAAGCGCAGCGACCAUUGGGCCGGUGGCGCGCUGUCGGUGCCGCGCGUGGCGGGCGUGAUUCGUCACGCCAAAAGAAACAACAACAACAAC,...................................................................................................................,...................................................................................................................
GGGAACGACUCGAGUAGAGUCGAAAAAGGCAUCGUAUCAUUGCUUCGAAGCCAAACUAGAAACUAGAAAGCAGUGAGCUCACAUUCGUGUGAGCAAAAGAAACAACAACAACAAC,...................................................................................................................,...................................................................................................................
GGGAACGACUCGAGUAGAGUCGAAAACGGGGACGCGCAGACUCCCCGUCAGACGGCUCUAGCCUUCCAAGCUCUGCCGUCAGCUUCGGCUGGCGAAAAGAAACAACAACAACAAC,...................................................................................................................,...................................................................................................................
GGGAACGACUCGAGUAGAGUCGAAAAGGGUCCAGCCUGGAAAGGCUGGAGGUAUUGGAAUGGUCGGGCCGCCAUUCGCUGAGCUUCGGUUCGGCAAAAGAAACAACAACAACAAC,...................................................................................................................,...................................................................................................................
GGGAACGACUCGAGUAGAGUCGAAAAGGGUCCAGCCUGGAAAGGCUGGAGGUAUUGGAAUGGUCGGGCCGCCAUUCGGUGUGCUUCGGUACACCAAAAGAAACAACAACAACAAC,...................................................................................................................,...................................................................................................................
GGGAACGACUCGAGUAGAGUCGAAAACGAAGUUUUGGCAGUAGCACGAGCGAGCUACUUUGCACAGCUCGAUCCCAGCUGUAUUUCGAUACAGCAAAAGAAACAACAACAACAAC,...................................................................................................................,...................................................................................................................
GGGAACGACUCGAGUAGAGUCGAAAACGCUACGAUUGACGGUGAAGCCGGACCUGAGGUUCAGCAUAGUCGGGCUAGGUGUUAUUCGUAACACCAAAAGAAACAACAACAACAAC,...................................................................................................................,...................................................................................................................
GGGAACGACUCGAGUAGAGUCGAAAAGAGCAGUCAGUUCGACUACCAGUCAGGUAGACAGACAGUCAGUCGACAAAGCUGUUAUUCGUAACAGCAAAAGAAACAACAACAACAAC,...................................................................................................................,...................................................................................................................
GGGAACGACUCGAGUAGAGUCGAAAAGAACGCUGCAACGCGCAGAGAUCGCGCGAGAGCGAGAAUGCGCAAAGAAACACGUGGUUCGCUACGUGAAAAGAAACAACAACAACAAC,...................................................................................................................,...................................................................................................................
GGGAACGACUCGAGUAGAGUCGAAAAGAACGCUGCAACGCGCAGAGCUCUCGCGAGAGCGCGAAUGCACAAAGAAAGUGCAUCUUCGGGUGCACAAAAGAAACAACAACAACAAC,...................................................................................................................,...................................................................................................................
GGGAACGACUCGAGUAGAGUCGAAAAUCCCUGGAUGCAAGUUAGCGAAUAGCAUUGGCAGCGAGGUAUCCAUCGCAGAUGUAAUUCGUUACAUCAAAAGAAACAACAACAACAAC,...................................................................................................................,...................................................................................................................
GGGAACGACUCGAGUAGAGUCGAAAAUGCAUGGAUGCAAACAUGCAGCAUAAAUCCCGCGUACGUACGUACGUAAACAUCAAGUUCGCUUGAUGAAAAGAAACAACAACAACAAC,...................................................................................................................,...................................................................................................................
GGGAACGACUCGAGUAGAGUCGAAAAGGCGUUCCCAAGUCAAAAAGAGAGACGCAAUCUCGACAGCGGCCUUUUCGGGAACGGUUCGCUGUUCCAAAAGAAACAACAACAACAAC,...................................................................................................................,...................................................................................................................
GGGAACGACUCGAGUAGAGUCGAAAAGAACGCGUGGGACACGCAAGGAGGAGCGUGUAGGACGCGACAAACCCAAAACCAUACUUCGGUGUGGUAAAAGAAACAACAACAACAAC,...................................................................................................................,...................................................................................................................
GGGAACGACUCGAGUAGAGUCGAAAAGAACGCGUGGGUCACGCAAGGAGGAGCGUGUGGGACGCGACAAACCCAAAACCAUAGUUCGCUGUGGUAAAAGAAACAACAACAACAAC,...................................................................................................................,...................................................................................................................
GGGAACGACUCGAGUAGAGUCGAAAAGAACGCGUGGGUCACGCAAAAGGGAGCGUGUGGGACGCGACAAACCCAAAACCAUUCUUCGGAGUGGUAAAAGAAACAACAACAACAAC,...................................................................................................................,...................................................................................................................
GGGAACGACUCGAGUAGAGUCGAAAAGAACGCGUGGGACACGCAAAAGGGAGCGUGAGGGACGCGACAAUCCCAAAACGAUACUUCGGUGUCGUAAAAGAAACAACAACAACAAC,...................................................................................................................,...................................................................................................................
GGGAACGACUCGAGUAGAGUCGAAAAGAACGCGUGGGACACGCAAGGGUAAGCGUGAAGAACGCGACAAUCCCAAAAGCUGAGUUCGCUUAGCUAAAAGAAACAACAACAACAAC,...................................................................................................................,...................................................................................................................
GGGAACGACUCGAGUAGAGUCGAAAAGGCGAUCCCAGCAUCAGGGAACAACAACAAUAGAUGCAUCCCUAACGCCACGUAUUCUUCGGAAUACGAAAAGAAACAACAACAACAAC,...................................................................................................................,...................................................................................................................
GGGAACGACUCGAGUAGAGUCGAAAAGCACAUUCCCGCUUUCACGCGAGAUCCUGUAUGGGCCGCAUAUACGAACGGGUUCAAUUCGUUGAACCAAAAGAAACAACAACAACAAC,...................................................................................................................,...................................................................................................................
GGGAACGACUCGAGUAGAGUCGAAAAGCACAUUCCCGCUUUCACGCACGCCGCUGCGGCACGCGAAUGCACGCACGGUUUCAAUUCGUUGAAACAAAAGAAACAACAACAACAAC,...................................................................................................................,...................................................................................................................
GGGAACGACUCGAGUAGAGUCGAAAAGCACAUACGCGCUUUCACGCACGCCGCUAUCGCACGCGAAAGCACGCACGGAUUCAAUUCGUUGAAUCAAAAGAAACAACAACAACAAC,...................................................................................................................,...................................................................................................................
GGGAACGACUCGAGUAGAGUCGAAAAUCCGAACUCAAGGAUUCGUUCCAGAGACAUGCAUGCUAGCAUGAAAGCAACGUACUAUUCGUAGUACGAAAAGAAACAACAACAACAAC,...................................................................................................................,...................................................................................................................
GGGAACGACUCGAGUAGAGUCGAAAAUAAUGCGUAGCUCGCGCUACGCAGGCAACGAGUAGGUCGUGCCACCUACAGUCCAAGUUCGCUUGGACAAAAGAAACAACAACAACAAC,...................................................................................................................,...................................................................................................................
GGGAACGACUCGAGUAGAGUCGAAAAUAAUGCGUAGCUCGCGCUACGCAGGCAUCGAGUAGGUCGAGCCACCUACAGUCCUAGUUCGCUAGGACAAAAGAAACAACAACAACAAC,...................................................................................................................,...................................................................................................................
GGGAACGACUCGAGUAGAGUCGAAAAGAGGAGCGUAAACGUGAGCGUACGUAGUGCUGUACAUCGUUCCUACACGACGUGUUCUUCGGGACAUGAAAAGAAACAACAACAACAAC,...................................................................................................................,...................................................................................................................
GGGAACGACUCGAGUAGAGUCGAAAAGCGCCUUGCUUGGCUCGAAUGACGGGUAGGCACAUUCGCCGCAGGAUCCCGGUUAGUUUCGACUAACCAAAAGAAACAACAACAACAAC,...................................................................................................................,...................................................................................................................
GGGAACGACUCGAGUAGAGUCGAAAAGAAUACGUCCCUCACCGUGUUCCAUCUAGCAUACUCGGUCGUGGGAUGGAGAUAACUUUCGAGUUAUCAAAAGAAACAACAACAACAAC,...................................................................................................................,...................................................................................................................
GGGAACGACUCGAGUAGAGUCGAAAAGAAAGCGUGCGGACGAACGUGCGUGCGUGCGAACGGACGUGCGUAAGCAACGUUAUAUUCGUAUAACGAAAAGAAACAACAACAACAAC,...................................................................................................................,...................................................................................................................
GGGAACGACUCGAGUAGAGUCGAAAAAUCCACGGCAAUAGCUGUACGGUGACAACCUUGUCAGCGGAAUCAAGCAAGGUUACGUUCGCGUGGCCAAAAGAAACAACAACAACAAC,...................................................................................................................,...................................................................................................................
GGGAACGACUCGAGUAGAGUCGAAAAGCACCACUCCUGCGGGAGUUAAGGCCAUACGGACAGCCGGGUGCAAAGCCGACUUGAUUCGUCAAGUCAAAAGAAACAACAACAACAAC,...................................................................................................................,...................................................................................................................
GGGAACGACUCGAGUAGAGUCGAAAAGCACCGGCUAACUCCGUGCCAGCAGCCGCGGUAAUACGGAGGGUGCAAAAGUGAUACUUCGGUGUCACAAAAGAAACAACAACAACAAC,...................................................................................................................,.....((((((.....))))))....((((([[[...(((((((......]]].......))))))))))))....(((((((....))))))).....................
GGGAACGACUCGAGUAGAGUCGAAAAUAAAGGCAGUCGAGUGCGUACGGCACAGUCAUACGCUGACGCCACGACAAGAUACUAUUCGUGGUGUCAAAAGAAACAACAACAACAAC,...................................................................................................................,...................................................................................................................
GGGAACGACUCGAGUAGAGUCGAAAAUAAAGGCAGUCGAGUGCGCGCGGCACAGUCACGCGCUGACGCCACGACAAGAUUGGAUUCGUUCAGUCAAAAGAAACAACAACAACAAC,...................................................................................................................,...................................................................................................................
GGGAACGACUCGAGUAGAGUCGAAAAUAAAAGCGUGUUCCGACUUCACGGAACAAGAACACGCAUGAACUAUAAAACGGUGCAUUCGUGUACCGAAAAGAAACAACAACAACAAC,...................................................................................................................,...................................................................................................................
GGGAACGACUCGAGUAGAGUCGAAAAGAACGCCAAAGUGACGCAAUCUUCCGCGUCAGGAAGGCGAAACGAGGUAACGCAGGAUUCGUCUUGCGAAAAGAAACAACAACAACAAC,...................................................................................................................,...................................................................................................................
GGGAACGACUCGAGUAGAGUCGAAAAGAACGCCAAAGUGACGCAAACUUCCGCGUCAGGAAGGCGAAACGAGGUAACGCAUGAUUCGUCGUGCGAAAAGAAACAACAACAACAAC,...................................................................................................................,...................................................................................................................
GGGAACGACUCGAGUAGAGUCGAAAAGAACCUCAAAUUGACGCAAACUUCCGCGUCAUCGCGAGGAAACGAGGUAACGCAGCUUUCGAGUUGCGAAAAGAAACAACAACAACAAC,...................................................................................................................,...................................................................................................................
GGGAACGACUCGAGUAGAGUCGAAAAGAAGCUCAAAUUGACGCAAACAUCCGCGUCAUCGCGAGCAAGCGAGGAAAGCGAUCAUUCGUGGUCGCAAAAGAAACAACAACAACAAC,...................................................................................................................,...................................................................................................................
GGGAACGACUCGAGUAGAGUCGAAAAGAAGCUCAUAAUGACGCAAACAACGGCGUCAGCGUGAGCAAACGCGGAAAGCCUUGAUUCGUCGAGGCAAAAGAAACAACAACAACAAC,...................................................................................................................,...................................................................................................................
GGGAACGACUCGAGUAGAGUCGAAAAUAAACUCGCCUAUAGCCAGGCGAGAAUCACCGCGGCUAUAGCGGUGAAAAGCGAUGAUUCGUCGUCGCAAAAGAAACAACAACAACAAC,...................................................................................................................,...................................................................................................................
GGGAACGACUCGAGUAGAGUCGAAAAUAAACUUGACGCGUGCCGGUCAAGAAAAAUGGCACGCUAAAACUUGACAACGCAUGUUUCGACGUGCGAAAAGAAACAACAACAACAAC,...................................................................................................................,...................................................................................................................
GGGAACGACUCGAGUAGAGUCGAAAACUGUGUACGACAUCACGAUGUAGAUGUGGUAGACAGCAUCGUAAACGAAACACUGUUUUCGAACAGUGAAAAGAAACAACAACAACAAC,...................................................................................................................,...................................................................................................................
GGGAACGACUCGAGUAGAGUCGAAAAAGCGCGUCAGCGCUACGAUGCAAGCGCAAGCGCGUCCAUCGUAAAUGACAGUGUGAGUUCGCUCGUACAAAAGAAACAACAACAACAAC,...................................................................................................................,...................................................................................................................
GGGAACGACUCGAGUAGAGUCGAAAAUAAGAAAGCUGACCAGCUAUGAGGUCAUACAUCGUCAUAGCACAAAAUAACGAUCAGUUCGCUGGUCGAAAAGAAACAACAACAACAAC,.....((((((.....)))))).............[[[[[.(((((((]]]]].......))))))).........(((((((....))))))).....................,.....((((((.....)))))).............[[[[[.(((((((]]]]].......))))))).........(((((((....))))))).....................
GGGAACGACUCGAGUAGAGUCGAAAACGUGCAAGCGCUGCACGAAAAAGUCGAUCGAAUACCGAUCGACAAGCGCUGGACAGUUUCGACUGUCCAAAAGAAACAACAACAACAAC,...................................................................................................................,...................................................................................................................
GGGAACGACUCGAGUAGAGUCGAAAACGCUCAACCUCAGAGCGCAAGAGUCGAACGAAUACAGUUCGACAUGAGGAGCUGAGGUUCGCCUCAGCAAAAGAAACAACAACAACAAC,...................................................................................................................,.....((((((.....))))))....[[[[[..(((((]]]]].....(((((((.......))))))).))))).(((((((....))))))).....................
GGGAACGACUCGAGUAGAGUCGAAAAGUGGUGGAUCUAGAACCACAAUAACUAGAUCAAAGAUCUAGUCUAGAUCAGCGUACAUUCGUGUACGCAAAAGAAACAACAACAACAAC,...................................................................................................................,...................................................................................................................
GGGAACGACUCGAGUAGAGUCGAAAAGUCGCUAGCGUAGUGAGGCUAAGUGUUACCUAUCCCGAGGAACACAGCGACCAGCGAUUCGUCGUUGGAAAAGAAACAACAACAACAAC,...................................................................................................................,...................................................................................................................
GGGAACGACUCGAGUAGAGUCGAAAAAGCAACGACUAGGACCGGCGAGACAAAGGACCGAUAGCUAAUCGUAACGACAAGCGGUUCGUUGCUUGAAAAGAAACAACAACAACAAC,...................................................................................................................,...................................................................................................................
GGGAACGACUCGAGUAGAGUCGAAAAGCGAUGUCGCGUAAUUGCUGGUCGAGUCUGCCGGGAUCGACCCAACGCGAAUGGUCAUUCGUGACCAUAAAAGAAACAACAACAACAAC,...................................................................................................................,...................................................................................................................
GGGAACGACUCGAGUAGAGUCGAAAACCAACUCGCGUUUCGAUGUGAGACGAGUUCGAUCCCAGGAGCAAUGGUGACUCGCGUUUCGAUGUGAGAAAAGAAACAACAACAACAAC,...................................................................................................................,...................................................................................................................
GGGAACGACUCGAGUAGAGUCGAAAACGGUAUUACUGAUGAGUGUAUCCCAGUAACACAGCGUAGCGUACGCCGCACCAUGUAUUCGUACAUGGAAAAGAAACAACAACAACAAC,...................................................................................................................,...................................................................................................................
GGGAACGACUCGAGUAGAGUCGAAAAUAACUUGCUGAAGCGCGCACGGCAAGAACUUGCUGAAGCGCGCACGACAACCGUUGGUUCGCUAACGGAAAAGAAACAACAACAACAAC,...................................................................................................................,...................................................................................................................
GGGAACGACUCGAGUAGAGUCGAAAACCAUUAGGAAGCAUGCAGAUGCAUAUGGACGAGGGCAACUAACCUAUUGCGUUAUGGUUCGCCAUAACAAAAGAAACAACAACAACAAC,...................................................................................................................,...................................................................................................................
GGGAACGACUCGAGUAGAGUCGAAAAAGCCGACGCUGAGUCGACAGCGAACGCUGACGACACAGCGAAUGCCGUAAGACGUCAUUCGUGGCGUCAAAAGAAACAACAACAACAAC,...................................................................................................................,...................................................................................................................
GGGAACGACUCGAGUAGAGUCGAAAAGGCCAACCCACUGGCGGAGGUGAAACCCAGCGUGGAGGGCACCAACGCGACACUACGUUCGCGUAGUGAAAAGAAACAACAACAACAAC,...................................................................................................................,...................................................................................................................
GGGAACGACUCGAGUAGAGUCGAAAACUCGCGGCUUGAGGGUGUUUUCUUCUAUGAAUACACACGAGCCUCACGCCGAUUGGGUUCGCCUAAUCAAAAGAAACAACAACAACAAC,...................................................................................................................,...................................................................................................................
GGGAACGACUCGAGUAGAGUCGAAAAUACGGAUCCAUACGGAUCCAUACGGAUCCAUACGGAUCCAUACGGAUCCAGACGGUAUUCGUACCGUCAAAAGAAACAACAACAACAAC,...................................................................................................................,...................................................................................................................
GGGAACGACUCGAGUAGAGUCGAAAAACAUGUACGCUAACAUGUACGCUAACAUGUACGCUAACAUGUACGCUAAACCAUAUCUUCGGAUAUGGAAAAGAAACAACAACAACAAC,...................................................................................................................,...................................................................................................................
GGGAACGACUCGAGUAGAGUCGAAAACAAGUGCAUGGUGAGGGCACUUGAUACCUCACCGACAAGCUGAAACACAAGUGUACAUUCGUGUGCACAAAAGAAACAACAACAACAAC,...................................................................................................................,...................................................................................................................
GGGAACGACUCGAGUAGAGUCGAAAAACGUUCAUCCUACGGGACGGAAGUAGGCUUUAUGCUGAAGGAACGCACCAGAUCUUCUUCGGAAGGUCAAAAGAAACAACAACAACAAC,...................................................................................................................,...................................................................................................................
GGGAACGACUCGAGUAGAGUCGAAAAGCGUGGGUCUAAUAAGCCCAAGGUCGCAGGUUCGACCCUUGCUGGCGGCAGUACAUCUUCGGAUGUACAAAAGAAACAACAACAACAAC,...................................................................................................................,...................................................................................................................
GGGAACGACUCGAGUAGAGUCGAAAACGCAGAGUCUAUGCAUCUCUGAAUCACACAACAGCCGUGUCUAUGCGUGGCUGUAUCUUCGGAUGCAGAAAAGAAACAACAACAACAAC,...................................................................................................................,...................................................................................................................
GGGAACGACUCGAGUAGAGUCGAAAAGGACUACCCGUCAGGGUUAAGGCCAUACGGACAGCCGGGUCCACUGCCGAGUCUAUCUUCGGAUGGACAAAAGAAACAACAACAACAAC,...................................................................................................................,...................................................................................................................
GGGAACGACUCGAGUAGAGUCGAAAAGGACUACCCGUCAGGGUUAAGGCCAUACGGACAGCCGGGUCCACUGCCGAGACUAACUUCGGUUGGUCAAAAGAAACAACAACAACAAC,...................................................................................................................,...................................................................................................................
GGGAACGACUCGAGUAGAGUCGAAAAGGACCGCCCUUUUGGGCUAAGGCCAUACGGACAGCCGGGUCCACUGCCGAGUCGAUCUUCGGAUUGACAAAAGAAACAACAACAACAAC,...................................................................................................................,...................................................................................................................
GGGAACGACUCGAGUAGAGUCGAAAAGGACCACUCCUGCGGGAGUUAAGGCCAUACGGACAGCCGGGUCCACUGCCGACGAUCUUCGGAUUGUCAAAAGAAACAACAACAACAAC,...................................................................................................................,...................................................................................................................
GGGAACGACUCGAGUAGAGUCGAAAACGCUCAACUCAUGGAGCGCAAGACGAAUAGCUACAUAUUCGACAUGAGAACAUCCUGUUCGCAGGAUGAAAAGAAACAACAACAACAAC,...................................................................................................................,.....((((((.....))))))....[[[[[..((((((]]]]].....((((((......)))))).))))))..(((((((....))))))).....................
GGGAACGACUCGAGUAGAGUCGAAAACGCUCAACUCAUGGAGCGCACGACGGAUCACCAUCGAUUCGACAUGAGAACACAGAGUUCGCUCUGUGAAAAGAAACAACAACAACAAC,...................................................................................................................,.....((((((.....))))))....[[[[[..((((((]]]]].....((((((......)))))).))))))..(((((((....))))))).....................
GGGAACGACUCGAGUAGAGUCGAAAACAUAGUAUACCCUGUUGCAUGUAUACUAUGAUAUACCGUAAUGCAACGGACGGUGCGUUCGCGCAUCGAAAAGAAACAACAACAACAAC,...................................................................................................................,...................................................................................................................
GGGAACGACUCGAGUAGAGUCGAAAACCAACGCGCAGGCCGGUGAGCGCAGACGGUGGCGCACACCACCGUGCGAACGAUGUCUUCGGACAUCGAAAAGAAACAACAACAACAAC,...................................................................................................................,...................................................................................................................
GGGAACGACUCGAGUAGAGUCGAAAAGGGUUGCGCACAACCCUAAGCGCAAACGGUGGCGCACACCACCGUGCGAAGCAUGUCUUCGGACAUGCAAAAGAAACAACAACAACAAC,...................................................................................................................,...................................................................................................................
GGGAACGACUCGAGUAGAGUCGAAAAGGGUGGCGCACACCACAGUGCGUAAAGGGUGGCGCACACCACAGUGCGUACCAUGUCUUCGGACAUGGAAAAGAAACAACAACAACAAC,...................................................................................................................,.....((((((.....)))))).....[[[.((((((]]]...))))))....[[[.((((((]]]...)))))).(((((((....))))))).....................
GGGAACGACUCGAGUAGAGUCGAAAAGAACAGCCAAAGGCAUCGUAAACGUAAACGUUUUCGACCCAUCCUAAUAGGUUACGAUUCGUCGUAACAAAAGAAACAACAACAACAAC,...................................................................................................................,...................................................................................................................
GGGAACGACUCGAGUAGAGUCGAAAAAUCCGAAGCGUACAUAAGACACAGACAAAUGUACCAGUACACGAGGACGAGUGUAUCUUCGGAUGCGCAAAAGAAACAACAACAACAAC,...................................................................................................................,...................................................................................................................
GGGAACGACUCGAGUAGAGUCGAAAAUCCUUAAGGAUUUCCCGUAUCCUAUGGAGACACCACAGCCCAUGGUGUGAACACAUGUUCGUAUGUGUAAAAGAAACAACAACAACAAC,...................................................................................................................,...................................................................................................................
GGGAACGACUCGAGUAGAGUCGAAAAGGCGAAGUCAGCGCGGAAGGAGCGCGCAACUCCUUACCCUCGCCUUUUAACCUACUGUUCGCGGUAGGAAAAGAAACAACAACAACAAC,...................................................................................................................,...................................................................................................................
GGGAACGACUCGAGUAGAGUCGAAAAGGCACACCCACAGGCGGAGGUUCAACCCAGCGUGGAGGGCACCAGGGCGACAGUACGUUCGCGUACUGAAAAGAAACAACAACAACAAC,...................................................................................................................,...................................................................................................................
GGGAACGACUCGAGUAGAGUCGAAAACGUAGCGCGAUCGACAGAAUUACAGCUAUGUCGAACGAGGAAGAGCGCGCGCUUACUUUCGGGUGAGCAAAAGAAACAACAACAACAAC,...................................................................................................................,...................................................................................................................
GGGAACGACUCGAGUAGAGUCGAAAAGCGAAAGCGCCGCUCGACUAACUACUCAGCGGCACAAGUCGUAAUCCCGACGGCAUGUUCGCAUGUCGAAAAGAAACAACAACAACAAC,...................................................................................................................,...................................................................................................................
GGGAACGACUCGAGUAGAGUCGAAAAGAGCCUGCUCUACGACAUCUCUCAAUAGAGUGGGCUCUAGUCGUUCCCGACGGUAUGUUCGCAUACCGAAAAGAAACAACAACAACAAC,...................................................................................................................,...................................................................................................................
GGGAACGACUCGAGUAGAGUCGAAAAGGCGUUCCCAGGCCGGAAGGUGUGGCCAGGACACCUUCGCAGCCUUUUCGGCAUGUCUUCGGGCAUGCAAAAGAAACAACAACAACAAC,...................................................................................................................,...................................................................................................................
GGGAACGACUCGAGUAGAGUCGAAAAGGCGGACCCAGCGCGGAAGGAGCGCGCAGGACUCCUUCGCCGCCUUUUAAGGAUGUGUUCGCGCAUCCAAAAGAAACAACAACAACAAC,...................................................................................................................,...................................................................................................................
GGGAACGACUCGAGUAGAGUCGAAAAUACUCAAACGGUCGCGGAAACGAGAGGACACUCUAGGAGGCAUCCAUGCACGAUUCAUUCGUGGAUCGAAAAGAAACAACAACAACAAC,...................................................................................................................,...................................................................................................................
GGGAACGACUCGAGUAGAGUCGAAAAGGUCAGGUGGCAGCACCACGACACUGGUCGCGGCGACCGAGCCGAACAGAGCGGGCGUUCGUGCUUGCAAAAGAAACAACAACAACAAC,...................................................................................................................,...................................................................................................................
GGGAACGACUCGAGUAGAGUCGAAAACGGCAGUGAGCUGAUACACUAUACCAUAUCACAUAGUCGAGUGACGGCAACUACUGGUUCGCUAGUGGAAAAGAAACAACAACAACAAC,...................................................................................................................,...................................................................................................................
GGGAACGACUCGAGUAGAGUCGAAAAGCACGCACCAUGCAUGCAUGCGCAUAUGCCUGCAUGGUGCUGCGCGCUCGGUGUGAGUUCGCUUAUGCAAAAGAAACAACAACAACAAC,...................................................................................................................,...................................................................................................................
GGGAACGACUCGAGUAGAGUCGAAAAGCAUGCAUCAUGCAUGCAUGCGCAUAUGCCUGCAUGAUGCUACGAGAUCGGUGUGACUUCGGUUAUGCAAAAGAAACAACAACAACAAC,...................................................................................................................,...................................................................................................................
GGGAACGACUCGAGUAGAGUCGAAAACUAGAUAGCAUCUAGGAGCAGACAUGUAGAUACACGAUACUACGAGAUCAGUGUUACUUCGGUAAUGCAAAAGAAACAACAACAACAAC,...................................................................................................................,...................................................................................................................
GGGAACGACUCGAGUAGAGUCGAAAAGCCGCACGGCGCGCCUUGCCACUUGGGAACGUGGAUAUGGAAGCCUGAGAGUGUAGGUUCGCCUGCGCAAAAGAAACAACAACAACAAC,...................................................................................................................,...................................................................................................................
GGGAACGACUCGAGUAGAGUCGAAAAGCCGCGUCUCGGUCAUGGUACAUAACGUUCACCCAUAUCGGCUCCUGAGAGGAUGUCUUCGGGCGUCCAAAAGAAACAACAACAACAAC,...................................................................................................................,...................................................................................................................
GGGAACGACUCGAGUAGAGUCGAAAAGACGCGUCUCGUUCAUGGUACAUAACGUUCACCCAUAUCGUCUCCUGAGGGUAUGCAUUCGUGCGUGCAAAAGAAACAACAACAACAAC,...................................................................................................................,...................................................................................................................
GGGAACGACUCGAGUAGAGUCGAAAAGACGCGUCUCGUUCUUGGUACAUUCCGUUCACCCAUAUCGGCUCCUGAGGGAAUGCAUUCGUGCGUUCAAAAGAAACAACAACAACAAC,...................................................................................................................,...................................................................................................................
GGGAACGACUCGAGUAGAGUCGAAAACACAAUGCUACUCCAGGAUCGAUGGGUCAGCAUUGACAGCCUAACGAAAGGUGCUUGUUCGCAAGCGCAAAAGAAACAACAACAACAAC,...................................................................................................................,...................................................................................................................
GGGAACGACUCGAGUAGAGUCGAAAACAUAAUGCUACUCCAGGAUCGAUUGGUCAGCAUUGACAGCCGAACGACAGGUGCUUGUUCGCGAGCGCAAAAGAAACAACAACAACAAC,...................................................................................................................,...................................................................................................................
GGGAACGACUCGAGUAGAGUCGAAAAACAGCUGCUACUCCAGGAAUAAUUGGUCAGCAUUGACUGGCCAACGACAGGUGCUUAUUCGUGAGCGCAAAAGAAACAACAACAACAAC,...................................................................................................................,...................................................................................................................
GGGAACGACUCGAGUAGAGUCGAAAACUGCGGGCGGCUCGCAGUUCCGUCUAACUCCUCCUCUGAGUCAUCGGGCGGCUGGUGUUCGCACCGGCAAAAGAAACAACAACAACAAC,...................................................................................................................,...................................................................................................................
GGGAACGACUCGAGUAGAGUCGAAAACUGCGCGCUGCUCGCAGUUAAGUCUAACUCCUCCUCUGAGUCAUCGGGCGGUUGAGGUUCGCCUCGACAAAAGAAACAACAACAACAAC,...................................................................................................................,...................................................................................................................
GGGAACGACUCGAGUAGAGUCGAAAACUCCCGGCGGCUCGAAGUCGAGUCCGAUUCGUGCCCUGAGUCCGCGGGCGCGUCGUCUUCGGAUGAUGAAAAGAAACAACAACAACAAC,...................................................................................................................,...................................................................................................................
GGGAACGACUCGAGUAGAGUCGAAAACUCCCGGCGGAUCGAAGUCACGCGUCCGCGGUGCCCUCGUGGACAGGGCGGUAGGUGUUCGCGCCUACAAAAGAAACAACAACAACAAC,...................................................................................................................,...................................................................................................................
GGGAACGACUCGAGUAGAGUCGAAAACUCCCACUUGAUCGAGGUCUCACCGUGUCAUUGCCCACGACACUCGGGCGCGUCAGCUUCGGUUGACGAAAAGAAACAACAACAACAAC,...................................................................................................................,...................................................................................................................
GGGAACGACUCGAGUAGAGUCGAAAAACAAAACGCUGAGCCGACAGCGAACGCUGACGGCACAGCGAAAGCCGAGAGACGUGAUUCGUCGCGUCAAAAGAAACAACAACAACAAC,...................................................................................................................,...................................................................................................................
GGGAACGACUCGAGUAGAGUCGAAAAGAGUGCACGGCAGCACAAGACGGGCCGACGUCAAGCAGGGCCGACUGCAAGUACACGUUCGCGUGUGCAAAAGAAACAACAACAACAAC,...................................................................................................................,...................................................................................................................
GGGAACGACUCGAGUAGAGUCGAAAAAGCGUGCGGCCAGGCGCAUGCUGAGCCGGCCGUUACUCAGCGGAGGGCCACCUAGCAUUCGUGUUAGGAAAAGAAACAACAACAACAAC,...................................................................................................................,...................................................................................................................
GGGAACGACUCGAGUAGAGUCGAAAAUCGCGAUCGCGAAUGUCAGGGCAACCAGCGUCGCACACGCCCGGCAUUGACGGUGGGUUCGCUCAUCGAAAAGAAACAACAACAACAAC,...................................................................................................................,...................................................................................................................
GGGAACGACUCGAGUAGAGUCGAAAAGAGCUAUGUGCUCCGUCCCGGCCAUAGCUCCUCGAUGAGCUAUGCAGAGGUGCUGGCUUCGGUCAGUAAAAAGAAACAACAACAACAAC,...................................................................................................................,...................................................................................................................
GGGAACGACUCGAGUAGAGUCGAAAACUUUGCUUGACUCUAUCGCCUGCUGCUGCUGUCGCACGAGUUAAGUAAAGCACAUGAUUCGUCAUGUGAAAAGAAACAACAACAACAAC,...................................................................................................................,...................................................................................................................
GGGAACGACUCGAGUAGAGUCGAAAACUACAUAAUGCUCACAUCCACUUGUCUGUGGUGGAGCGGACUGCAGACAGCGCGCGUUUCGAUGUGCGAAAAGAAACAACAACAACAAC,...................................................................................................................,...................................................................................................................
GGGAACGACUCGAGUAGAGUCGAAAACUACAUAAGGCUCACAUUCCCGUGUCUGUUGUGGAGCGGACAACAGACACCGCUCGUUUCGAUGAGCGAAAAGAAACAACAACAACAAC,...................................................................................................................,...................................................................................................................
GGGAACGACUCGAGUAGAGUCGAAAACGCUCAUCUCAUGGAGCGCAAGACGAAUAGCUACAUAUUCGACAUGAGAAGAUCACAUUCGUGUGAUCAAAAGAAACAACAACAACAAC,...................................................................................................................,...................................................................................................................
GGGAACGACUCGAGUAGAGUCGAAAACGCCGUAGCGCGCAACGGCGUAACGGCAGCAUUAGCGCGCAGCUGCCGACUGAUGUGUUCGCACAUCAAAAAGAAACAACAACAACAAC,...................................................................................................................,...................................................................................................................
GGGAACGACUCGAGUAGAGUCGAAAAAUGCUAGCUGAGCACAGCUGCAAUGCUAAGCUGAAAGCCAGCUGCAAGCGCGUACCAUUCGUGGUACGAAAAGAAACAACAACAACAAC,...................................................................................................................,...................................................................................................................
GGGAACGACUCGAGUAGAGUCGAAAAGGGCAUGCCCUCGCCCAGACGGCAAGCGACAUACUACAGUCACGCCGCCACGGUGUCUUCGGAUACCGAAAAGAAACAACAACAACAAC,...................................................................................................................,...................................................................................................................
GGGAACGACUCGAGUAGAGUCGAAAAGGGCCUACGCUCGCCCAGACGGCAGGCGGCAUACUACAGUCACGCCGCCACCGUGUCUUCGGAUACGGAAAAGAAACAACAACAACAAC,...................................................................................................................,...................................................................................................................
GGGAACGACUCGAGUAGAGUCGAAAAACUUUUCGACUCUGAUACCAACAAACCAAAGUUUGUUGGUAUGGAAAGAGCGGUAGUUUCGACUACCGAAAAGAAACAACAACAACAAC,...................................................................................................................,...................................................................................................................
GGGAACGACUCGAGUAGAGUCGAAAAUGCUAUAGGUGCUGGCAGACGGCGAGCGGCAUACUACAGUCACACCGCGAGUUUGUCUUCGGAUAGGCAAAAGAAACAACAACAACAAC,...................................................................................................................,...................................................................................................................
GGGAACGACUCGAGUAGAGUCGAAAACAACAUAAACAUCGAGUUGACGAUGACACAAAUACCGUCAGUGUAGACGGCACGUACUUCGGUACGUGAAAAGAAACAACAACAACAAC,...................................................................................................................,...................................................................................................................
GGGAACGACUCGAGUAGAGUCGAAAAAUAUGCGCGCGUAUAUCCGGUUGGCUGGAUGCGCGCGUCUGGCUGGCCGGCAUGAUGUUCGCAUCGUGAAAAGAAACAACAACAACAAC,...................................................................................................................,...................................................................................................................
GGGAACGACUCGAGUAGAGUCGAAAACAUUCGUACGCAACGAAGCGUACGUCAUUACGCAAAUGACGUAAAGCGUACUAUCUCUUCGGAGGUAGAAAAGAAACAACAACAACAAC,...................................................................................................................,...................................................................................................................
GGGAACGACUCGAGUAGAGUCGAAAACAACGUAACGCAACGAAGCGUAAGUUAAAACGCACAUAACAAAAAGCGUAGUGGCUGUUCGCAGUCACAAAAGAAACAACAACAACAAC,...................................................................................................................,...................................................................................................................
GGGAACGACUCGAGUAGAGUCGAAAAGAACCGCGGGCGUGACUCGGUCAGAGCAUGACAGGCGCUGCGGUCACGAACGUCCAGUUCGCUGGGCGAAAAGAAACAACAACAACAAC,...................................................................................................................,...................................................................................................................
GGGAACGACUCGAGUAGAGUCGAAAAGGCGCGCGGCCUUUGUCCUGUCGCGUGUGCGUGGUGGGCGAUAUACGCGCCUCUCGCUUCGGUGAGAGAAAAGAAACAACAACAACAAC,...................................................................................................................,...................................................................................................................
GGGAACGACUCGAGUAGAGUCGAAAAGAGUGAAUCCUCUCAGUGGAUCAGAGGAUCACACGAGCCGCAUGGACCAACGUCUAGUUCGCUGGACGAAAAGAAACAACAACAACAAC,...................................................................................................................,...................................................................................................................
GGGAACGACUCGAGUAGAGUCGAAAAUGUGGCACAGUAGUAGGGUCUUCGGUGUCUCCCUUGUCCAUUGACUGCGAGUGCUAGUUCGUUAGUACAAAAGAAACAACAACAACAAC,...................................................................................................................,...................................................................................................................
GGGAACGACUCGAGUAGAGUCGAAAAUGCGUCACAGGCGAUUGACGCAAUAAUUAUGAUGGUAGGAUCGCCUGUGAGUGCAUGUUCGUAUGUACAAAAGAAACAACAACAACAAC,...................................................................................................................,...................................................................................................................
